{"cameraMode":{"drawMode":0,"name":"Shaded","section":"Shading Mode"},"sceneLighting":true,"audioPlay":false,"sceneViewState":{"m_AlwaysRefresh":false,"showFog":true,"showSkybox":true,"showFlares":true,"showImageEffects":true,"showParticleSystems":true,"showVisualEffectGraphs":true,"m_FxEnabled":true},"in2DMode":false,"pivot":{"x":167.34715270996095,"y":-55.853187561035159,"z":118.53654479980469},"rotation":{"x":0.220138281583786,"y":0.36927318572998049,"z":-0.09049022942781449,"w":0.8983697891235352},"size":168.66802978515626,"orthographic":true}