{"cameraMode":{"drawMode":0,"name":"Shaded","section":"Shading Mode"},"sceneLighting":true,"audioPlay":false,"sceneViewState":{"m_AlwaysRefresh":false,"showFog":true,"showSkybox":true,"showFlares":true,"showImageEffects":true,"showParticleSystems":true,"showVisualEffectGraphs":true,"m_FxEnabled":true},"in2DMode":false,"pivot":{"x":73.35621643066406,"y":23.241241455078126,"z":58.51457977294922},"rotation":{"x":0.20233123004436494,"y":0.41079288721084597,"z":-0.09401825815439224,"w":0.8840196132659912},"size":170.0494384765625,"orthographic":true}